{
  "experiment": "lightgcn_sf__llm_prof_mood__seed123",
  "best_epoch": 100,
  "total_epochs_trained": 100,
  "best_val_metrics": {
    "HR@10": 0.2947290274684484,
    "Recall@10": 0.03098032151820054,
    "NDCG@10": 0.0725179862631534,
    "HR@20": 0.38938381588715665,
    "Recall@20": 0.05437340217172113,
    "NDCG@20": 0.07319086250118809,
    "HR@50": 0.522271714922049,
    "Recall@50": 0.1079706007093591,
    "NDCG@50": 0.08448140147793705,
    "MRR": 0.15156996814980828,
    "n_eval_users": 2694
  },
  "test_metrics": {
    "HR@10": 0.43246311010215666,
    "Recall@10": 0.048276296321461847,
    "NDCG@10": 0.11671212381322169,
    "HR@20": 0.5399167612561483,
    "Recall@20": 0.08345777742804368,
    "NDCG@20": 0.11567816566882613,
    "HR@50": 0.6772606886114264,
    "Recall@50": 0.15041834212743474,
    "NDCG@50": 0.12790919376039986,
    "MRR": 0.241955610893936,
    "n_eval_users": 2643
  },
  "config": {
    "lr": 0.001,
    "weight_decay": 1e-05,
    "num_epochs": 100,
    "patience": 20
  }
}