{
  "experiment": "lightgcn_sf__llm_prof_mood__seed123",
  "best_epoch": 120,
  "total_epochs_trained": 130,
  "best_val_metrics": {
    "HR@10": 0.30178173719376394,
    "Recall@10": 0.03228789156662038,
    "NDCG@10": 0.073151708591374,
    "HR@20": 0.3949517446176689,
    "Recall@20": 0.05575764623148025,
    "NDCG@20": 0.07342401161722342,
    "HR@50": 0.5241276911655531,
    "Recall@50": 0.10789739182166677,
    "NDCG@50": 0.08469910082298707,
    "MRR": 0.15135749818282648,
    "n_eval_users": 2694
  },
  "test_metrics": {
    "HR@10": 0.43473325766174803,
    "Recall@10": 0.049898622466677166,
    "NDCG@10": 0.11594568347836226,
    "HR@20": 0.544457056375331,
    "Recall@20": 0.08150024584389852,
    "NDCG@20": 0.11370854174048635,
    "HR@50": 0.6799091940976163,
    "Recall@50": 0.1476768455862347,
    "NDCG@50": 0.12629072647618728,
    "MRR": 0.2394247801469392,
    "n_eval_users": 2643
  },
  "config": {
    "lr": 0.001,
    "weight_decay": 1e-05,
    "num_epochs": 130,
    "patience": 20
  }
}