{
  "cold": {
    "HR@300": 1.0,
    "HR@300_std": 0.0,
    "Recall@300": 1.0,
    "Recall@300_std": 0.0,
    "NDCG@300": 0.21930634678802657,
    "NDCG@300_std": 0.0,
    "HR@400": 1.0,
    "HR@400_std": 0.0,
    "Recall@400": 1.0,
    "Recall@400_std": 0.0,
    "NDCG@400": 0.21930634678802657,
    "NDCG@400_std": 0.0,
    "HR@500": 1.0,
    "HR@500_std": 0.0,
    "Recall@500": 1.0,
    "Recall@500_std": 0.0,
    "NDCG@500": 0.21930634678802657,
    "NDCG@500_std": 0.0,
    "MRR": 0.05583852964837115,
    "MRR_std": 0.0,
    "n_eval": 763,
    "n_seeds": 1
  },
  "medium": {
    "HR@300": 0.5359628770301624,
    "HR@300_std": 0.0,
    "Recall@300": 0.3626597063729579,
    "Recall@300_std": 0.0,
    "NDCG@300": 0.07490611831421842,
    "NDCG@300_std": 0.0,
    "HR@400": 0.6357308584686775,
    "HR@400_std": 0.0,
    "Recall@400": 0.46645019990258973,
    "Recall@400_std": 0.0,
    "NDCG@400": 0.09021490116271387,
    "NDCG@400_std": 0.0,
    "HR@500": 0.720030935808198,
    "HR@500_std": 0.0,
    "Recall@500": 0.5609792026669929,
    "Recall@500_std": 0.0,
    "NDCG@500": 0.1038583701738906,
    "NDCG@500_std": 0.0,
    "MRR": 0.019070004064315676,
    "MRR_std": 0.0,
    "n_eval": 1293,
    "n_seeds": 1
  },
  "warm": {
    "HR@300": 0.8335246842709529,
    "HR@300_std": 0.0,
    "Recall@300": 0.36684186685420306,
    "Recall@300_std": 0.0,
    "NDCG@300": 0.18155857230032776,
    "NDCG@300_std": 0.0,
    "HR@400": 0.8614619211634137,
    "HR@400_std": 0.0,
    "Recall@400": 0.4224084368561744,
    "Recall@400_std": 0.0,
    "NDCG@400": 0.19792748844835673,
    "NDCG@400_std": 0.0,
    "HR@500": 0.8836586299272866,
    "HR@500_std": 0.0,
    "Recall@500": 0.46813008785791177,
    "Recall@500_std": 0.0,
    "NDCG@500": 0.2109416080191451,
    "NDCG@500_std": 0.0,
    "MRR": 0.20152641033146465,
    "MRR_std": 0.0,
    "n_eval": 2613,
    "n_seeds": 1
  }
}