{
  "experiment": "kar__llm_prof_mood__seed123",
  "best_epoch": 95,
  "total_epochs_trained": 115,
  "best_val_metrics": {
    "HR@10": 0.2902746844840386,
    "Recall@10": 0.03086246277126124,
    "NDCG@10": 0.06988494618965058,
    "HR@20": 0.38752783964365256,
    "Recall@20": 0.05384077238316968,
    "NDCG@20": 0.0709936853770604,
    "HR@50": 0.532293986636971,
    "Recall@50": 0.10763938029844557,
    "NDCG@50": 0.08308512453331442,
    "MRR": 0.14943906645578017,
    "n_eval_users": 2694
  },
  "test_metrics": {
    "HR@10": 0.43662504729474083,
    "Recall@10": 0.048029318545813375,
    "NDCG@10": 0.1135999939921816,
    "HR@20": 0.5463488460083239,
    "Recall@20": 0.0794234093575301,
    "NDCG@20": 0.11151345107146786,
    "HR@50": 0.6852062050699962,
    "Recall@50": 0.1491690957586347,
    "NDCG@50": 0.12529207995910305,
    "MRR": 0.2379896718264909,
    "n_eval_users": 2643
  },
  "config": {
    "lr": 0.001,
    "weight_decay": 1e-05,
    "num_epochs": 130,
    "patience": 20
  }
}