{
  "cold": {
    "HR@300": 1.0,
    "HR@300_std": 0.0,
    "Recall@300": 1.0,
    "Recall@300_std": 0.0,
    "NDCG@300": 0.3008803826197903,
    "NDCG@300_std": 0.0,
    "HR@400": 1.0,
    "HR@400_std": 0.0,
    "Recall@400": 1.0,
    "Recall@400_std": 0.0,
    "NDCG@400": 0.3008803826197903,
    "NDCG@400_std": 0.0,
    "HR@500": 1.0,
    "HR@500_std": 0.0,
    "Recall@500": 1.0,
    "Recall@500_std": 0.0,
    "NDCG@500": 0.3008803826197903,
    "NDCG@500_std": 0.0,
    "MRR": 0.1429545258538875,
    "MRR_std": 0.0,
    "n_eval": 763,
    "n_seeds": 1
  },
  "medium": {
    "HR@300": 0.7849961330239753,
    "HR@300_std": 0.0,
    "Recall@300": 0.6588295881733218,
    "Recall@300_std": 0.0,
    "NDCG@300": 0.15441960231884627,
    "NDCG@300_std": 0.0,
    "HR@400": 0.8538283062645011,
    "HR@400_std": 0.0,
    "Recall@400": 0.7594687045034121,
    "Recall@400_std": 0.0,
    "NDCG@400": 0.1692307410769385,
    "NDCG@400_std": 0.0,
    "HR@500": 0.8963650425367363,
    "HR@500_std": 0.0,
    "Recall@500": 0.8280725444917046,
    "Recall@500_std": 0.0,
    "NDCG@500": 0.17907019994221182,
    "NDCG@500_std": 0.0,
    "MRR": 0.0554453575198894,
    "MRR_std": 0.0,
    "n_eval": 1293,
    "n_seeds": 1
  },
  "warm": {
    "HR@300": 0.8848067355530043,
    "HR@300_std": 0.0,
    "Recall@300": 0.44970866647475827,
    "Recall@300_std": 0.0,
    "NDCG@300": 0.2242217991571767,
    "NDCG@300_std": 0.0,
    "HR@400": 0.9081515499425947,
    "HR@400_std": 0.0,
    "Recall@400": 0.5166777170018078,
    "Recall@400_std": 0.0,
    "NDCG@400": 0.24385200302808652,
    "NDCG@400_std": 0.0,
    "HR@500": 0.9242250287026407,
    "HR@500_std": 0.0,
    "Recall@500": 0.5699796245036696,
    "Recall@500_std": 0.0,
    "NDCG@500": 0.2589615171230133,
    "NDCG@500_std": 0.0,
    "MRR": 0.24715797449985752,
    "MRR_std": 0.0,
    "n_eval": 2613,
    "n_seeds": 1
  }
}