{
  "experiment": "lightgcn_sf__genome_llm__seed123",
  "best_epoch": 75,
  "total_epochs_trained": 95,
  "best_val_metrics": {
    "HR@10": 0.29361544172234594,
    "Recall@10": 0.030349874539514904,
    "NDCG@10": 0.0718396906581224,
    "HR@20": 0.3812175204157387,
    "Recall@20": 0.052418533367712655,
    "NDCG@20": 0.07197832829186891,
    "HR@50": 0.5244988864142539,
    "Recall@50": 0.1058937110075921,
    "NDCG@50": 0.08360980286337735,
    "MRR": 0.1528510353072033,
    "n_eval_users": 2694
  },
  "test_metrics": {
    "HR@10": 0.44003026863412786,
    "Recall@10": 0.05082956960133384,
    "NDCG@10": 0.11540469480552412,
    "HR@20": 0.5331063185773742,
    "Recall@20": 0.07900875749429209,
    "NDCG@20": 0.11202285624722318,
    "HR@50": 0.6795308361710178,
    "Recall@50": 0.14863944816523464,
    "NDCG@50": 0.12610054565789422,
    "MRR": 0.23907208073700595,
    "n_eval_users": 2643
  },
  "config": {
    "lr": 0.001,
    "weight_decay": 1e-05,
    "num_epochs": 100,
    "patience": 20
  }
}