{
  "experiment": "lightgcn_sf__genome__seed456",
  "best_epoch": 90,
  "total_epochs_trained": 110,
  "best_val_metrics": {
    "HR@10": 0.29806978470675577,
    "Recall@10": 0.03063202109318919,
    "NDCG@10": 0.07196508396356473,
    "HR@20": 0.38715664439495173,
    "Recall@20": 0.0506418782689858,
    "NDCG@20": 0.0713238802114977,
    "HR@50": 0.5337787676317743,
    "Recall@50": 0.10993998332560048,
    "NDCG@50": 0.08459048975872016,
    "MRR": 0.15209834086554092,
    "n_eval_users": 2694
  },
  "test_metrics": {
    "HR@10": 0.428679530836171,
    "Recall@10": 0.04828760610556445,
    "NDCG@10": 0.11324276967279673,
    "HR@20": 0.5418085508891411,
    "Recall@20": 0.07994335147458,
    "NDCG@20": 0.11204061924825041,
    "HR@50": 0.677639046538025,
    "Recall@50": 0.1474874781206933,
    "NDCG@50": 0.12566774114375165,
    "MRR": 0.23496463979105764,
    "n_eval_users": 2643
  },
  "config": {
    "lr": 0.001,
    "weight_decay": 1e-05,
    "num_epochs": 200,
    "patience": 20
  }
}