{
  "experiment": "lightgcn_sf__bert_title__seed789",
  "best_epoch": 65,
  "total_epochs_trained": 85,
  "best_val_metrics": {
    "HR@10": 0.28990348923533776,
    "Recall@10": 0.030671099625715244,
    "NDCG@10": 0.06999219873495631,
    "HR@20": 0.37787676317743135,
    "Recall@20": 0.049204242828721,
    "NDCG@20": 0.06934909274676357,
    "HR@50": 0.5129918337045286,
    "Recall@50": 0.10190454306768586,
    "NDCG@50": 0.08056132097901042,
    "MRR": 0.14778957685217295,
    "n_eval_users": 2694
  },
  "test_metrics": {
    "HR@10": 0.422625804010594,
    "Recall@10": 0.04750612125958262,
    "NDCG@10": 0.11238334867609703,
    "HR@20": 0.5300794551645857,
    "Recall@20": 0.07680862265746022,
    "NDCG@20": 0.11015474949812327,
    "HR@50": 0.6704502459326523,
    "Recall@50": 0.14423512690491316,
    "NDCG@50": 0.12381125904200195,
    "MRR": 0.23179968017075028,
    "n_eval_users": 2643
  },
  "config": {
    "lr": 0.001,
    "weight_decay": 1e-05,
    "num_epochs": 100,
    "patience": 20
  }
}