{
  "experiment": "lightgcn_sf__llm_profile__seed42",
  "best_epoch": 95,
  "total_epochs_trained": 100,
  "best_val_metrics": {
    "HR@10": 0.289532293986637,
    "Recall@10": 0.03138864236542594,
    "NDCG@10": 0.07164427109567015,
    "HR@20": 0.37787676317743135,
    "Recall@20": 0.05161512228482704,
    "NDCG@20": 0.07098991708637281,
    "HR@50": 0.5163325909428359,
    "Recall@50": 0.10513266225487103,
    "NDCG@50": 0.08307666808832088,
    "MRR": 0.15130972255874167,
    "n_eval_users": 2694
  },
  "test_metrics": {
    "HR@10": 0.43057132046916385,
    "Recall@10": 0.04949815334717734,
    "NDCG@10": 0.11676572995428036,
    "HR@20": 0.5331063185773742,
    "Recall@20": 0.0799959854011919,
    "NDCG@20": 0.11419926768494662,
    "HR@50": 0.683692773363602,
    "Recall@50": 0.14881243656139986,
    "NDCG@50": 0.1273029390360966,
    "MRR": 0.23882958538440968,
    "n_eval_users": 2643
  },
  "config": {
    "lr": 0.001,
    "weight_decay": 1e-05,
    "num_epochs": 100,
    "patience": 20
  }
}