{
  "cold": {
    "HR@300": 1.0,
    "HR@300_std": 0.0,
    "Recall@300": 1.0,
    "Recall@300_std": 0.0,
    "NDCG@300": 0.268894623080324,
    "NDCG@300_std": 0.0,
    "HR@400": 1.0,
    "HR@400_std": 0.0,
    "Recall@400": 1.0,
    "Recall@400_std": 0.0,
    "NDCG@400": 0.268894623080324,
    "NDCG@400_std": 0.0,
    "HR@500": 1.0,
    "HR@500_std": 0.0,
    "Recall@500": 1.0,
    "Recall@500_std": 0.0,
    "NDCG@500": 0.268894623080324,
    "NDCG@500_std": 0.0,
    "MRR": 0.11027412871559597,
    "MRR_std": 0.0,
    "n_eval": 763,
    "n_seeds": 1
  },
  "medium": {
    "HR@300": 0.6481051817478731,
    "HR@300_std": 0.0,
    "Recall@300": 0.4800387499989095,
    "Recall@300_std": 0.0,
    "NDCG@300": 0.10592692979600628,
    "NDCG@300_std": 0.0,
    "HR@400": 0.765661252900232,
    "HR@400_std": 0.0,
    "Recall@400": 0.6278537800368293,
    "Recall@400_std": 0.0,
    "NDCG@400": 0.1273521805531528,
    "NDCG@400_std": 0.0,
    "HR@500": 0.8360402165506574,
    "HR@500_std": 0.0,
    "Recall@500": 0.7303172413887256,
    "Recall@500_std": 0.0,
    "NDCG@500": 0.14196234911269,
    "NDCG@500_std": 0.0,
    "MRR": 0.03478429695554003,
    "MRR_std": 0.0,
    "n_eval": 1293,
    "n_seeds": 1
  },
  "warm": {
    "HR@300": 0.866054343666284,
    "HR@300_std": 0.0,
    "Recall@300": 0.41403458772263924,
    "Recall@300_std": 0.0,
    "NDCG@300": 0.20285133320931148,
    "NDCG@300_std": 0.0,
    "HR@400": 0.8909299655568312,
    "HR@400_std": 0.0,
    "Recall@400": 0.47354572433039227,
    "Recall@400_std": 0.0,
    "NDCG@400": 0.2205546143020939,
    "NDCG@400_std": 0.0,
    "HR@500": 0.9115958668197475,
    "HR@500_std": 0.0,
    "Recall@500": 0.5271031330158182,
    "Recall@500_std": 0.0,
    "NDCG@500": 0.23538435140823716,
    "NDCG@500_std": 0.0,
    "MRR": 0.21689277361237927,
    "MRR_std": 0.0,
    "n_eval": 2613,
    "n_seeds": 1
  }
}