{
  "experiment": "bpr_mf__none__seed42",
  "best_epoch": 10,
  "best_val_metrics": {
    "HR@10": 0.3014105419450631,
    "Recall@10": 0.03053997379826448,
    "NDCG@10": 0.07008153804546081,
    "HR@20": 0.39161098737936156,
    "Recall@20": 0.051914862108016914,
    "NDCG@20": 0.06947777306884181,
    "HR@50": 0.5252412769116556,
    "Recall@50": 0.10200338650786459,
    "NDCG@50": 0.08077443330272902,
    "MRR": 0.15175922894131882,
    "n_eval_users": 2694
  },
  "test_metrics": {
    "HR@10": 0.42413923571698825,
    "Recall@10": 0.04594746070843002,
    "NDCG@10": 0.10831567591213571,
    "HR@20": 0.5266742338251986,
    "Recall@20": 0.07622980234008761,
    "NDCG@20": 0.10723380035666487,
    "HR@50": 0.6757472569050321,
    "Recall@50": 0.14402886801136378,
    "NDCG@50": 0.12116672128284989,
    "MRR": 0.2253769504767459,
    "n_eval_users": 2643
  },
  "config": {
    "lr": 0.001,
    "weight_decay": 1e-05,
    "num_epochs": 10,
    "patience": 20
  }
}