{
  "cold": {
    "HR@300": 1.0,
    "HR@300_std": 0.0,
    "Recall@300": 1.0,
    "Recall@300_std": 0.0,
    "NDCG@300": 0.3353487936866284,
    "NDCG@300_std": 0.0,
    "HR@400": 1.0,
    "HR@400_std": 0.0,
    "Recall@400": 1.0,
    "Recall@400_std": 0.0,
    "NDCG@400": 0.3353487936866284,
    "NDCG@400_std": 0.0,
    "HR@500": 1.0,
    "HR@500_std": 0.0,
    "Recall@500": 1.0,
    "Recall@500_std": 0.0,
    "NDCG@500": 0.3353487936866284,
    "NDCG@500_std": 0.0,
    "MRR": 0.18730655511394545,
    "MRR_std": 0.0,
    "n_eval": 763,
    "n_seeds": 1
  },
  "medium": {
    "HR@300": 0.8089713843774169,
    "HR@300_std": 0.0,
    "Recall@300": 0.6909069479388967,
    "Recall@300_std": 0.0,
    "NDCG@300": 0.17499679762786846,
    "NDCG@300_std": 0.0,
    "HR@400": 0.8692962103634957,
    "HR@400_std": 0.0,
    "Recall@400": 0.7785521508104941,
    "Recall@400_std": 0.0,
    "NDCG@400": 0.18812765873706655,
    "NDCG@400_std": 0.0,
    "HR@500": 0.8979118329466357,
    "HR@500_std": 0.0,
    "Recall@500": 0.8320022159134094,
    "Recall@500_std": 0.0,
    "NDCG@500": 0.19580796460666566,
    "NDCG@500_std": 0.0,
    "MRR": 0.07687357773964805,
    "MRR_std": 0.0,
    "n_eval": 1293,
    "n_seeds": 1
  },
  "warm": {
    "HR@300": 0.8966704936854191,
    "HR@300_std": 0.0,
    "Recall@300": 0.4610316902449947,
    "Recall@300_std": 0.0,
    "NDCG@300": 0.22474857377444926,
    "NDCG@300_std": 0.0,
    "HR@400": 0.9135093761959434,
    "HR@400_std": 0.0,
    "Recall@400": 0.5227406754145792,
    "Recall@400_std": 0.0,
    "NDCG@400": 0.24353389098801687,
    "NDCG@400_std": 0.0,
    "HR@500": 0.9234596249521623,
    "HR@500_std": 0.0,
    "Recall@500": 0.5731752507438169,
    "Recall@500_std": 0.0,
    "NDCG@500": 0.25863237156929253,
    "NDCG@500_std": 0.0,
    "MRR": 0.2384140883567398,
    "MRR_std": 0.0,
    "n_eval": 2613,
    "n_seeds": 1
  }
}