{
  "experiment": "lightgcn_sf__llm_mood__seed2026",
  "best_epoch": 100,
  "total_epochs_trained": 100,
  "best_val_metrics": {
    "HR@10": 0.2817371937639198,
    "Recall@10": 0.027545052444582448,
    "NDCG@10": 0.06903235796304795,
    "HR@20": 0.38641425389755013,
    "Recall@20": 0.05117151055626172,
    "NDCG@20": 0.07034413446282761,
    "HR@50": 0.5219005196733482,
    "Recall@50": 0.1072251695176683,
    "NDCG@50": 0.0825593934777252,
    "MRR": 0.1530017158026261,
    "n_eval_users": 2694
  },
  "test_metrics": {
    "HR@10": 0.42413923571698825,
    "Recall@10": 0.04709990151471411,
    "NDCG@10": 0.11401132522227111,
    "HR@20": 0.5293227393113886,
    "Recall@20": 0.0785734620733217,
    "NDCG@20": 0.11175586376561598,
    "HR@50": 0.6704502459326523,
    "Recall@50": 0.14195562515461138,
    "NDCG@50": 0.12293749055196655,
    "MRR": 0.24001202521333245,
    "n_eval_users": 2643
  },
  "config": {
    "lr": 0.001,
    "weight_decay": 1e-05,
    "num_epochs": 100,
    "patience": 20
  }
}