{
  "test_metrics": {
    "HR@10": 0.422625804010594,
    "Recall@10": 0.04808578033799631,
    "NDCG@10": 0.11426791300440993,
    "HR@20": 0.5365115399167613,
    "Recall@20": 0.08084061834303768,
    "NDCG@20": 0.11313126555563806,
    "HR@50": 0.6780174044646236,
    "Recall@50": 0.15093818800501171,
    "NDCG@50": 0.12698346921620243,
    "MRR": 0.2338347324289747,
    "n_eval_users": 2643
  }
}