{
  "experiment": "lightgcn_sf__bert_title__seed789",
  "best_epoch": 85,
  "total_epochs_trained": 100,
  "best_val_metrics": {
    "HR@10": 0.2906458797327394,
    "Recall@10": 0.030404951198534678,
    "NDCG@10": 0.07059285762699276,
    "HR@20": 0.38492947290274687,
    "Recall@20": 0.053060793485133886,
    "NDCG@20": 0.07191240063402515,
    "HR@50": 0.5237564959168522,
    "Recall@50": 0.10654217372049715,
    "NDCG@50": 0.08365135530874777,
    "MRR": 0.14957528517472193,
    "n_eval_users": 2694
  },
  "test_metrics": {
    "HR@10": 0.42527430949678396,
    "Recall@10": 0.048409232566801706,
    "NDCG@10": 0.11425579373099551,
    "HR@20": 0.5331063185773742,
    "Recall@20": 0.07942102197587445,
    "NDCG@20": 0.11260673723159678,
    "HR@50": 0.6757472569050321,
    "Recall@50": 0.1473098815005385,
    "NDCG@50": 0.12577580341796735,
    "MRR": 0.23648726273692403,
    "n_eval_users": 2643
  },
  "config": {
    "lr": 0.001,
    "weight_decay": 1e-05,
    "num_epochs": 100,
    "patience": 20
  }
}