{
  "experiment": "lightgcn_sf__llm_profile__seed789",
  "best_epoch": 85,
  "total_epochs_trained": 105,
  "best_val_metrics": {
    "HR@10": 0.28804751299183373,
    "Recall@10": 0.03075908973218166,
    "NDCG@10": 0.07153550559099672,
    "HR@20": 0.38158871566443947,
    "Recall@20": 0.05174619270074816,
    "NDCG@20": 0.07166662412565712,
    "HR@50": 0.5196733481811433,
    "Recall@50": 0.1080021288424221,
    "NDCG@50": 0.08401280925341942,
    "MRR": 0.15020551826113668,
    "n_eval_users": 2694
  },
  "test_metrics": {
    "HR@10": 0.43094967839576237,
    "Recall@10": 0.04770640581484711,
    "NDCG@10": 0.11521252291096368,
    "HR@20": 0.5395384033295497,
    "Recall@20": 0.07949426689806519,
    "NDCG@20": 0.11319309686247594,
    "HR@50": 0.6765039727582293,
    "Recall@50": 0.14870106895770702,
    "NDCG@50": 0.12587986980491955,
    "MRR": 0.2384630888702519,
    "n_eval_users": 2643
  },
  "config": {
    "lr": 0.001,
    "weight_decay": 1e-05,
    "num_epochs": 130,
    "patience": 20
  }
}