{
  "experiment": "lightgcn_sf__llm_mood__seed42",
  "best_epoch": 10,
  "total_epochs_trained": 12,
  "best_val_metrics": {
    "HR@10": 0.2657757980697847,
    "Recall@10": 0.02576334647088363,
    "NDCG@10": 0.06463973285475524,
    "HR@20": 0.35523385300668153,
    "Recall@20": 0.044417649123709484,
    "NDCG@20": 0.06384221335551253,
    "HR@50": 0.4962880475129918,
    "Recall@50": 0.09645990805921664,
    "NDCG@50": 0.07458897387715119,
    "MRR": 0.13874338122972618,
    "n_eval_users": 2694
  },
  "test_metrics": {
    "HR@10": 0.4078698448732501,
    "Recall@10": 0.043534219335215764,
    "NDCG@10": 0.10738241815567136,
    "HR@20": 0.5100264850548619,
    "Recall@20": 0.07195706866524565,
    "NDCG@20": 0.10535910463683662,
    "HR@50": 0.6530457813091184,
    "Recall@50": 0.13448322431531637,
    "NDCG@50": 0.11676436764230343,
    "MRR": 0.2297824698364314,
    "n_eval_users": 2643
  },
  "config": {
    "lr": 0.001,
    "weight_decay": 1e-05,
    "num_epochs": 12,
    "patience": 20
  }
}