{
  "experiment": "lightgcn__none__seed123",
  "best_epoch": 95,
  "total_epochs_trained": 100,
  "best_val_metrics": {
    "HR@10": 0.2858203414996288,
    "Recall@10": 0.029334305734613066,
    "NDCG@10": 0.0703987886540916,
    "HR@20": 0.36971046770601335,
    "Recall@20": 0.049768272479360165,
    "NDCG@20": 0.06964441578903119,
    "HR@50": 0.514105419450631,
    "Recall@50": 0.10102720060591378,
    "NDCG@50": 0.08073880115000236,
    "MRR": 0.14980473286233123,
    "n_eval_users": 2694
  },
  "test_metrics": {
    "HR@10": 0.42376087779038973,
    "Recall@10": 0.04843319613142318,
    "NDCG@10": 0.11260404856055996,
    "HR@20": 0.5297010972379871,
    "Recall@20": 0.07979030542788973,
    "NDCG@20": 0.11111995804724754,
    "HR@50": 0.6678017404464623,
    "Recall@50": 0.14641134345276632,
    "NDCG@50": 0.12427546034516278,
    "MRR": 0.22905007161324925,
    "n_eval_users": 2643
  },
  "config": {
    "lr": 0.001,
    "weight_decay": 1e-05,
    "num_epochs": 100,
    "patience": 20
  }
}