{
  "experiment": "rlmrec_lightgcn_gene__ml20m__seed42",
  "best_epoch": 90,
  "total_epochs_trained": 100,
  "best_val_metrics": {
    "Recall@10": 0.028545372233218468,
    "Recall@20": 0.050275700338881374,
    "Recall@50": 0.1006822572315945,
    "NDCG@10": 0.06735265282159668,
    "NDCG@20": 0.06767957433264657,
    "NDCG@50": 0.07887980503748139,
    "HR@10": 0.27728285077951004,
    "HR@20": 0.3723088344469191,
    "HR@50": 0.505939123979213,
    "MRR": 0.19639999528640953
  },
  "test_metrics": {
    "HR@10": 0.42943624668936814,
    "Recall@10": 0.047939613093965015,
    "NDCG@10": 0.11573240146585914,
    "HR@20": 0.5346197502837684,
    "Recall@20": 0.08077316817377031,
    "NDCG@20": 0.11346623891836669,
    "HR@50": 0.6757472569050321,
    "Recall@50": 0.14960342170399055,
    "NDCG@50": 0.1273405978019344,
    "MRR": 0.23645212798017703,
    "n_eval_users": 2643
  },
  "config": {
    "lr": 0.001,
    "weight_decay": 0,
    "num_epochs": 100,
    "patience": 20
  }
}