{
  "experiment": "lightgcn_sf__llm_prof_mood__seed789",
  "best_epoch": 80,
  "total_epochs_trained": 100,
  "best_val_metrics": {
    "HR@10": 0.28916109873793616,
    "Recall@10": 0.031015841421340735,
    "NDCG@10": 0.07231173784819266,
    "HR@20": 0.3819599109131403,
    "Recall@20": 0.05098235332125932,
    "NDCG@20": 0.07142543248415255,
    "HR@50": 0.514105419450631,
    "Recall@50": 0.10346461036543537,
    "NDCG@50": 0.0829100378819998,
    "MRR": 0.15040917433937945,
    "n_eval_users": 2694
  },
  "test_metrics": {
    "HR@10": 0.428679530836171,
    "Recall@10": 0.04903801961240995,
    "NDCG@10": 0.11638546710157432,
    "HR@20": 0.5433219825955353,
    "Recall@20": 0.08229745709175855,
    "NDCG@20": 0.11483315175744589,
    "HR@50": 0.6772606886114264,
    "Recall@50": 0.14764268479839812,
    "NDCG@50": 0.12694957538274718,
    "MRR": 0.2413388304959236,
    "n_eval_users": 2643
  },
  "config": {
    "lr": 0.001,
    "weight_decay": 1e-05,
    "num_epochs": 100,
    "patience": 20
  }
}