{
  "experiment": "lightgcn_sf__genome_raw__seed789",
  "best_epoch": 60,
  "total_epochs_trained": 80,
  "best_val_metrics": {
    "HR@10": 0.28990348923533776,
    "Recall@10": 0.029844492732392966,
    "NDCG@10": 0.07156902171327509,
    "HR@20": 0.3812175204157387,
    "Recall@20": 0.05144718914102199,
    "NDCG@20": 0.07190677531221439,
    "HR@50": 0.51818856718634,
    "Recall@50": 0.10470930661971843,
    "NDCG@50": 0.08349680012503746,
    "MRR": 0.15101204681004146,
    "n_eval_users": 2694
  },
  "test_metrics": {
    "HR@10": 0.4328414680287552,
    "Recall@10": 0.049897346504682194,
    "NDCG@10": 0.11575183784328223,
    "HR@20": 0.5384033295497541,
    "Recall@20": 0.08090378562257453,
    "NDCG@20": 0.11292783244810567,
    "HR@50": 0.6738554672720394,
    "Recall@50": 0.14853385711017886,
    "NDCG@50": 0.12646540334452933,
    "MRR": 0.23796203535602892,
    "n_eval_users": 2643
  },
  "config": {
    "lr": 0.001,
    "weight_decay": 1e-05,
    "num_epochs": 100,
    "patience": 20
  }
}