{
  "experiment": "lightgcn_sf__genome__seed2026",
  "best_epoch": 85,
  "total_epochs_trained": 100,
  "best_val_metrics": {
    "HR@10": 0.2925018559762435,
    "Recall@10": 0.030237836939612503,
    "NDCG@10": 0.07152939010442756,
    "HR@20": 0.38715664439495173,
    "Recall@20": 0.05207125353150239,
    "NDCG@20": 0.07185440869041604,
    "HR@50": 0.5296956198960653,
    "Recall@50": 0.10840563022565079,
    "NDCG@50": 0.08397283428815519,
    "MRR": 0.15235661261948114,
    "n_eval_users": 2694
  },
  "test_metrics": {
    "HR@10": 0.4320847521755581,
    "Recall@10": 0.04972794715796436,
    "NDCG@10": 0.11453555851293291,
    "HR@20": 0.5357548240635641,
    "Recall@20": 0.0791136815619642,
    "NDCG@20": 0.11247905471933958,
    "HR@50": 0.6780174044646236,
    "Recall@50": 0.14895165304472385,
    "NDCG@50": 0.1265380997855733,
    "MRR": 0.23818154552206913,
    "n_eval_users": 2643
  },
  "config": {
    "lr": 0.001,
    "weight_decay": 1e-05,
    "num_epochs": 100,
    "patience": 20
  }
}