{
  "experiment": "lightgcn_sf__genome_raw__seed456",
  "best_epoch": 65,
  "total_epochs_trained": 85,
  "best_val_metrics": {
    "HR@10": 0.2902746844840386,
    "Recall@10": 0.03086615200405798,
    "NDCG@10": 0.07111862775158367,
    "HR@20": 0.39235337787676317,
    "Recall@20": 0.05327199998855027,
    "NDCG@20": 0.07233717939427535,
    "HR@50": 0.5252412769116556,
    "Recall@50": 0.1099026912298901,
    "NDCG@50": 0.08507006310690936,
    "MRR": 0.1522626946803807,
    "n_eval_users": 2694
  },
  "test_metrics": {
    "HR@10": 0.44646235338630347,
    "Recall@10": 0.05098040121912669,
    "NDCG@10": 0.11890300401752771,
    "HR@20": 0.5576995838062807,
    "Recall@20": 0.08429950505426415,
    "NDCG@20": 0.11693609547467831,
    "HR@50": 0.6927733636019675,
    "Recall@50": 0.15436484761778638,
    "NDCG@50": 0.13069910859805026,
    "MRR": 0.2444725753602508,
    "n_eval_users": 2643
  },
  "config": {
    "lr": 0.001,
    "weight_decay": 1e-05,
    "num_epochs": 100,
    "patience": 20
  }
}