{
  "experiment": "lightgcn_sf__llm_themes__seed456",
  "best_epoch": 95,
  "total_epochs_trained": 100,
  "best_val_metrics": {
    "HR@10": 0.2865627319970304,
    "Recall@10": 0.02992558788752856,
    "NDCG@10": 0.06902411404192511,
    "HR@20": 0.3711952487008166,
    "Recall@20": 0.05074159565095401,
    "NDCG@20": 0.06897645134861574,
    "HR@50": 0.5111358574610245,
    "Recall@50": 0.10032096737637326,
    "NDCG@50": 0.07952430463632656,
    "MRR": 0.14779740172397432,
    "n_eval_users": 2694
  },
  "test_metrics": {
    "HR@10": 0.42905788876276957,
    "Recall@10": 0.047482384944287075,
    "NDCG@10": 0.11077575241912509,
    "HR@20": 0.5361331819901627,
    "Recall@20": 0.07931240871157769,
    "NDCG@20": 0.10845180963984868,
    "HR@50": 0.6708286038592508,
    "Recall@50": 0.1446742616941326,
    "NDCG@50": 0.12168713184525604,
    "MRR": 0.22966946939121893,
    "n_eval_users": 2643
  },
  "config": {
    "lr": 0.001,
    "weight_decay": 1e-05,
    "num_epochs": 100,
    "patience": 20
  }
}