{
  "experiment": "lightgcn_sf__llm_prof_mood__seed456",
  "best_epoch": 90,
  "total_epochs_trained": 110,
  "best_val_metrics": {
    "HR@10": 0.29324424647364516,
    "Recall@10": 0.03057216385748463,
    "NDCG@10": 0.07147547930716293,
    "HR@20": 0.3789903489235338,
    "Recall@20": 0.05249363781182764,
    "NDCG@20": 0.07067081156656307,
    "HR@50": 0.5118782479584262,
    "Recall@50": 0.104378865599241,
    "NDCG@50": 0.08207442007751455,
    "MRR": 0.14507236084518643,
    "n_eval_users": 2694
  },
  "test_metrics": {
    "HR@10": 0.43246311010215666,
    "Recall@10": 0.04872586979683978,
    "NDCG@10": 0.11791698580146368,
    "HR@20": 0.5372682557699584,
    "Recall@20": 0.0812728294068744,
    "NDCG@20": 0.11571007264837338,
    "HR@50": 0.6757472569050321,
    "Recall@50": 0.1484984768507674,
    "NDCG@50": 0.1285954417860284,
    "MRR": 0.2444928571446719,
    "n_eval_users": 2643
  },
  "config": {
    "lr": 0.001,
    "weight_decay": 1e-05,
    "num_epochs": 130,
    "patience": 20
  }
}