{
  "experiment": "lightgcn_sf__llm_mood__seed789",
  "best_epoch": 100,
  "total_epochs_trained": 100,
  "best_val_metrics": {
    "HR@10": 0.29584261321455085,
    "Recall@10": 0.029595124143968827,
    "NDCG@10": 0.07077850404550595,
    "HR@20": 0.3897550111358575,
    "Recall@20": 0.05182717944268836,
    "NDCG@20": 0.07052885513786637,
    "HR@50": 0.5278396436525612,
    "Recall@50": 0.10516643570528718,
    "NDCG@50": 0.08195388548999159,
    "MRR": 0.1511847526334475,
    "n_eval_users": 2694
  },
  "test_metrics": {
    "HR@10": 0.428679530836171,
    "Recall@10": 0.04749317180220511,
    "NDCG@10": 0.11467632928688179,
    "HR@20": 0.5406734771093454,
    "Recall@20": 0.07716821672623242,
    "NDCG@20": 0.11141264302070657,
    "HR@50": 0.6795308361710178,
    "Recall@50": 0.143736250851811,
    "NDCG@50": 0.12401454240660384,
    "MRR": 0.24240069459227515,
    "n_eval_users": 2643
  },
  "config": {
    "lr": 0.001,
    "weight_decay": 1e-05,
    "num_epochs": 100,
    "patience": 20
  }
}