{
  "experiment": "lightgcn_sf__llm_prof_mood__seed2026",
  "best_epoch": 105,
  "total_epochs_trained": 125,
  "best_val_metrics": {
    "HR@10": 0.30252412769116555,
    "Recall@10": 0.032985672944645036,
    "NDCG@10": 0.07368329663493677,
    "HR@20": 0.39346696362286565,
    "Recall@20": 0.05584202090771873,
    "NDCG@20": 0.07331803825746853,
    "HR@50": 0.5319227913882703,
    "Recall@50": 0.10805925634660661,
    "NDCG@50": 0.0848429234101091,
    "MRR": 0.15222851703394735,
    "n_eval_users": 2694
  },
  "test_metrics": {
    "HR@10": 0.4445705637533106,
    "Recall@10": 0.04963423861099243,
    "NDCG@10": 0.11686791378059935,
    "HR@20": 0.544457056375331,
    "Recall@20": 0.08229942031980902,
    "NDCG@20": 0.11448776589774008,
    "HR@50": 0.684449489216799,
    "Recall@50": 0.1500820936900073,
    "NDCG@50": 0.1280121269745672,
    "MRR": 0.2400371512591145,
    "n_eval_users": 2643
  },
  "config": {
    "lr": 0.001,
    "weight_decay": 1e-05,
    "num_epochs": 130,
    "patience": 20
  }
}