{
  "experiment": "lightgcn_sf__llm_profile__seed2026",
  "best_epoch": 105,
  "total_epochs_trained": 112,
  "best_val_metrics": {
    "HR@10": 0.29287305122494434,
    "Recall@10": 0.03115015378425542,
    "NDCG@10": 0.07265261795390711,
    "HR@20": 0.3801039346696362,
    "Recall@20": 0.05353770026618311,
    "NDCG@20": 0.07284264110895618,
    "HR@50": 0.5174461766889383,
    "Recall@50": 0.10506072926276115,
    "NDCG@50": 0.0841490082940757,
    "MRR": 0.1533368891614061,
    "n_eval_users": 2694
  },
  "test_metrics": {
    "HR@10": 0.4339765418085509,
    "Recall@10": 0.0498618032250099,
    "NDCG@10": 0.11849355224192074,
    "HR@20": 0.5293227393113886,
    "Recall@20": 0.07834517388527835,
    "NDCG@20": 0.11421119157465195,
    "HR@50": 0.6719636776390465,
    "Recall@50": 0.14920109456102518,
    "NDCG@50": 0.12809841153427265,
    "MRR": 0.24209914362844276,
    "n_eval_users": 2643
  },
  "config": {
    "lr": 0.001,
    "weight_decay": 1e-05,
    "num_epochs": 112,
    "patience": 20
  }
}