{
  "ligh:llm_prof": {
    "cold": {
      "HR@10": 0.0,
      "HR@10_std": 0.0,
      "Recall@10": 0.0,
      "Recall@10_std": 0.0,
      "NDCG@10": 0.0,
      "NDCG@10_std": 0.0,
      "HR@20": 0.0,
      "HR@20_std": 0.0,
      "Recall@20": 0.0,
      "Recall@20_std": 0.0,
      "NDCG@20": 0.0,
      "NDCG@20_std": 0.0,
      "HR@50": 0.0,
      "HR@50_std": 0.0,
      "Recall@50": 0.0,
      "Recall@50_std": 0.0,
      "NDCG@50": 0.0,
      "NDCG@50_std": 0.0,
      "MRR": 0.0,
      "MRR_std": 0.0,
      "n_eval": 763,
      "n_seeds": 1
    },
    "medium": {
      "HR@10": 0.0,
      "HR@10_std": 0.0,
      "Recall@10": 0.0,
      "Recall@10_std": 0.0,
      "NDCG@10": 0.0,
      "NDCG@10_std": 0.0,
      "HR@20": 0.0,
      "HR@20_std": 0.0,
      "Recall@20": 0.0,
      "Recall@20_std": 0.0,
      "NDCG@20": 0.0,
      "NDCG@20_std": 0.0,
      "HR@50": 0.0,
      "HR@50_std": 0.0,
      "Recall@50": 0.0,
      "Recall@50_std": 0.0,
      "NDCG@50": 0.0,
      "NDCG@50_std": 0.0,
      "MRR": 0.0,
      "MRR_std": 0.0,
      "n_eval": 1293,
      "n_seeds": 1
    },
    "warm": {
      "HR@10": 0.4427860696517413,
      "HR@10_std": 0.0,
      "Recall@10": 0.05322249039764635,
      "Recall@10_std": 0.0,
      "NDCG@10": 0.11966210518786045,
      "NDCG@10_std": 0.0,
      "HR@20": 0.5491771909682357,
      "HR@20_std": 0.0,
      "Recall@20": 0.08906284978403178,
      "Recall@20_std": 0.0,
      "NDCG@20": 0.11873020958439318,
      "NDCG@20_std": 0.0,
      "HR@50": 0.6915422885572139,
      "HR@50_std": 0.0,
      "Recall@50": 0.1624782423918622,
      "Recall@50_std": 0.0,
      "NDCG@50": 0.1339548241762726,
      "NDCG@50_std": 0.0,
      "MRR": 0.2482329899713651,
      "MRR_std": 0.0,
      "n_eval": 2613,
      "n_seeds": 1
    }
  }
}