{
  "test_metrics": {
    "HR@10": 0.4298146046159667,
    "Recall@10": 0.04761856116879535,
    "NDCG@10": 0.11523323513520173,
    "HR@20": 0.5395384033295497,
    "Recall@20": 0.08044524275472209,
    "NDCG@20": 0.1139476908051067,
    "HR@50": 0.6723420355656451,
    "Recall@50": 0.14808211736146876,
    "NDCG@50": 0.1268213189054961,
    "MRR": 0.237437691113117,
    "n_eval_users": 2643
  }
}