{
  "experiment": "lightgcn_sf__llm_all__seed789",
  "best_epoch": 90,
  "total_epochs_trained": 100,
  "best_val_metrics": {
    "HR@10": 0.2858203414996288,
    "Recall@10": 0.03009689074217037,
    "NDCG@10": 0.07075911609558336,
    "HR@20": 0.37973273942093544,
    "Recall@20": 0.05316682887975308,
    "NDCG@20": 0.07152626050619271,
    "HR@50": 0.5152190051967335,
    "Recall@50": 0.10294370380775868,
    "NDCG@50": 0.08183568140878897,
    "MRR": 0.14878090730934138,
    "n_eval_users": 2694
  },
  "test_metrics": {
    "HR@10": 0.42716609912977677,
    "Recall@10": 0.04693605277444466,
    "NDCG@10": 0.11255443150949922,
    "HR@20": 0.5327279606507757,
    "Recall@20": 0.07829025971772537,
    "NDCG@20": 0.11041920241766158,
    "HR@50": 0.6734771093454408,
    "Recall@50": 0.14665309136872481,
    "NDCG@50": 0.12403819611265027,
    "MRR": 0.23401651573257656,
    "n_eval_users": 2643
  },
  "config": {
    "lr": 0.001,
    "weight_decay": 1e-05,
    "num_epochs": 100,
    "patience": 20
  }
}